,news_title
0,2006 상승테마 종목 관심집중
1,[증권 기상도] 2분기 짧은 휴식‥ 하반기는 쾌청
2,[주간증시전망]‘1월효과’재현될지 관심 집중
3,[1월2일의 투자전략]금융·소비株 강세 전망
4,[2006재테크 전략]“브랜드가 주가파워”1등기업 주주 돼라
5,[2006재테크 전략]저PER·저PBR株로 2006 고수익 낚아라
6,"""새해 코스피 1800~1900까지 상승 가능"""
7,"연초랠리 기대..""IT株 주목하라"""
8,"이코노미스트의 추천 ""연초엔 중소형 저PER 주"""
9,업종별 대표주 자리바꿈 '활발'
10,(마켓서핑)새술은 새부대에
11,[1월3일의 투자전략]기관 매수세 상승 동력으로 작용할것
12,[내일의 전략]연초 '삼순이 전략'으로
13,(여의도시각)초심
14,[코스피마감]PR 매물에도 1390 근접
15,악재공시 확인하고 투자하라
16,[시황]외국인 컴백…시가총액 상위주 강세
17,“올 최대테마株 는 와이브로”
18,‘주식농사’는 새해 첫주에 결판?
19,"""코스닥, 올 '시세분출' 가능하다"""
20,"코스닥 3% 급등..""1월 효과는 코스닥부터?"""
21,(투자의맥)코스닥지수 급등 이유
22,와이브로가 코스닥지수 견인 중
23,"코스피, 상승세 복귀..PR제외 일제'사자'"
24,[오늘의 포인트]올해 투자 포인트는 '차별화-변동성'
25,"코스닥 12포인트 상승, 산뜻한 출발"
26,"코스피,새해 첫날 변동폭 확대..PR매물"
27,"코스닥, 새해 증시 기대 `710선 훌쩍`"
28,"""가치 우량주 중심 투자 지속"""
29,"코스피,상승출발후 하락반전..대형주 약세"
30,[내일의 전략]대형주로 갈아타라더니?
31,[1월4일의 투자전략]“조정이용 IT·車 우량주 매수 기회로”
32,"(마켓서핑)환율, 걱정되네!"
33,(여의도시각)기회비용
34,환율 하락…‘1월 효과’ 최대 복병
35,[코스피마감]PR매물 딛고 반등..'1390 첫돌파'
36,[코스닥마감]상승세 지속..바이오도 가세
37,주가 보합권 혼조세…개인 ‘사자’
38,"코스피, PR매물 불구 낙폭축소 '약보합'"
39,"코스닥, 급상승세 주춤..개인은 강한 매수세"
40,"<증시, 프로그램 매물에 `주춤'>"
41,[오늘의 포인트]1월엔 같이 들뜨면 안된다
42,"환율, 증시 최대 복병으로 등장"
43,'코스닥 상승추세인가-일시적 현상인가?'
44,"코스피,1390 부근서 등락..PR+외인 '매도'"
45,"코스피,1390 돌파 '강보합'..중소형주 강세"
46,[개장전]1400을 앞두고 점검해 볼 문제는
47,급등경계속 기대감 우세-코스피 동시호가
48,"코스닥, 투자심리 강화-코스닥 동시호가"
49,(투자의맥)`1월 효과` 시작됐나
50,(마켓서핑)`BUY 코리아`
51,[내일의 전략]계속 오를 수 있을까?
52,[1월5일의 투자전략]“1월 외국인 순매수 전환 기대할만”
53,(여의도시각)반컵의 물
54,손해율 급상승 보험株에 폭설?
55,무선인터넷 '2차수혜株'는 어떤 종목
56,(테마돋보기)게임株에 무슨 일이?
57,[1400시대]펀드매니저 어떤 종목 사나
58,[코스피마감]1400시대 개막..외인ㆍ기관'쌍끌이'
59,"[코스닥마감]인터넷,게임주 상승 주도"
60,환율 900원 시대 업종별 주가 기상도
61,코스피 1400돌파는 한국증시 '리레이팅' 증거
62,"코스피 거침없는 상승 ""악재 겁안난다"""
63,"코스닥, 파죽지세...750 눈앞"
64,"[오늘의 포인트]환율과 수급, 최종 승자는?"
65,[1400시대]외인 1400에도 사는 이유
66,[1400시대]환율 무시하고 증시랠리 가능할까?
67,증권사 목표주가 넘어선 종목 ‘주의보’
68,"증시, 1400선 안착할까"
69,코스피 1400포인트 돌파 성공…나흘째 오름세
70,[1월6일의 투자전략]“환율 하락 저가매수 기회로 삼아야”
71,[내일의 전략]너무 낙관적인거 아냐
72,(마켓서핑)문제는 속도다
73,(여의도시각)유연함을 발휘할 때
74,중소형 금융株 주목할만
75,이젠 나노테마로 눈돌려볼까
76,[코스닥마감] 투자심리 위축...740선 실패
77,[코스피마감]5일만의 조정..막판 낙폭만회
78,"코스닥 내림세, '환율 급락 탓?"
79,外人 환율하락속 수출주 매수 강화
80,“1400P선 지수아닌 종목을 보라”
81,[시황]환율 쇼크…차익매물에 약세
82,개미 코스닥테마주 집중매수
83,"(투자의맥)""증시, 환율 빌미로 피로 해소중"""
84,코스피 낙폭확대 '1380 이탈'..대형주 급락
85,증시 숨고르기..코스피 1390선 지지 주목
86,[오늘의 포인트]부자가 망해도...
87,'행복'한 한국 증시..환율 큰 위협 아니다
88,지수 1400시대 투자전략은…
89,"환율하락에 따른 업종,종목별 투자전략은…"
90,[내일의 전략]전인미답..장세판단 어렵네
91,"(마켓서핑)원화강세냐, 달러약세냐"
92,(여의도시각)다우이론으로 본 시장
93,"코스피 또 사상최고, 환율대책에 기관 매수로 화답"
94,[코스닥 마감]환율 압박 이겨내며 급상승
95,[코스피마감]신고가 행진복귀..'1410 돌파'
96,환율하락땐 코스닥이 더 강하다
97,주가 환율보다 환경에 좌우
98,"[시황]기관,외국인 매물 척척 소화 상승세"
99,[이해준기자의 증시레이더]시장이 앞서갈땐 리스크관리를
100,"코스닥, 환율 압박 벗어나 급상승 중"
101,"코스피,오름폭 확대'1410 근접'..기관'사자'"
102,(테마돋보기)관심 집중..M&A주
103,[오늘의 포인트]생각을 바꾸면 답이 보인다
104,"서울증시, 환율 부담 더나…견조한 상승세"
105,"코스닥, 상승세 다음 주까지 이어지나"
106,리스크 관리의 비중을 높여라
107,"코스닥, 환율 하락 영향 적다"
108,"코스닥, 750선 오르기 재시도"
109,"코스피,하루만에 반등..'1400 안착'시도"
110,"새해 첫주, 글로벌 증시 동반 랠리"
111,<주간전망> 실적기대감-환율우려 교차
112,어닝시즌 길목..실적좋은 중소형株 주목
113,옵션만기일 무사히 넘을까
114,코스닥 `실적호전주` 위주로 종목 선별해야
115,"""코스피, 돌다리도 두드리고 가야"""
116,"실적vs환율, 누가 이길까"
117,개인 매매비중 증가세 `뚜렷'
118,기업 실적발표 출발..실적 장세 기대 고조
119,[1월10일의 투자전략]IT·증권·은행주에 관심가질만
120,[내일의 전략]실적좋아도 더 얻을게 없다
121,(마켓서핑)떨어지는 칼날
122,(여의도시각)`근하신년` 그 이후
123,인터넷주 신고가행진 왜?
124,[코스피마감]환율급락 불구 약보합 '버티기'
125,[코스닥마감]전고점 돌파...인터넷주 급등
126,"""액면가 5000원 코스닥종목 노려라"""
127,증시 저평가 대부분 해소 PER 이머징마켓의 92%
128,[김홍곤의 마켓포인트] 저PER대형주에 가치바람 불까
129,액면분할 가능성 코스닥종목 주목
130,1월 옵션만기일‘PR매물’부담없을 듯
131,"코스피,보합권 등락 지속..중소형주 강세"
132,코스닥 760 향해 순항…인터넷주 급등
133,[오늘의 포인트]환율급락에도 버티는 이유는
134,실적시즌 팡파르..관전포인트는
135,"코스닥, 환율 하락 불구 ‘급등세’ 이어가"
136,"증시 큰 손들, 올해도 주식 사들인다"
137,"코스피,환율 급락불구 강보합..'하방경직'"
138,"코스닥, 760 향해 상승중...4분기 실적 기대"
